{
    "SLIDES": [
        {
            "QS0": 1,
            "QS1": 3,
            "QS2": 8,
            "QS3": 9,
            "QS4": 13,
            "QS5": 16,
            "QS6": 19,
            "QS7": 22,
            "QS8": 25,
            "QS9": 29,
            "QS10": 30,
            "QS11": 34,
            "QS12": 38,
            "QS13": 41,
            "QS14": 42,
            "QS15": 47
        },{
            "QS0": 7,
            "QS1": 2,
            "QS2": 6,
            "QS3": 1,
            "QS4": 5,
            "QS5": 3,
            "QS6": 4
        }
    ]
}