{"SLIDES":[
    {"ID":0,"ST":0,"VAL":false,"PROM":false,"CAL":0},
    {"ID":1,"ST":0,"VAL":false,"PROM":false,"CAL":0},
    {"ID":2,"ST":0,"VAL":false,"PROM":false,"CAL":0},
    {"ID":3,"ST":0,"VAL":false,"PROM":false,"CAL":0},
    {"ID":4,"ST":0,"VAL":false,"PROM":false,"CAL":0},
    {"ID":5,"ST":0,"VAL":false,"PROM":false,"CAL":0},
    {"ID":6,"ST":0,"VAL":false,"PROM":false,"CAL":0},
    {"ID":7,"ST":0,"VAL":false,"PROM":false,"CAL":0},
    {"ID":8,"ST":0,"VAL":false,"PROM":false,"CAL":0},
    {"ID":9,"ST":0,"VAL":false,"PROM":false,"CAL":0},
    {"ID":10,"ST":0,"VAL":false,"PROM":false,"CAL":0},
    {"ID":11,"ST":0,"VAL":false,"PROM":false,"CAL":0},
    {"ID":12,"ST":0,"VAL":false,"PROM":false,"CAL":0},
    {"ID":13,"ST":0,"VAL":false,"PROM":false,"CAL":0},
    {"ID":14,"ST":0,"VAL":false,"PROM":false,"CAL":0},
    {"ID":15,"ST":0,"VAL":false,"PROM":false,"CAL":0},
    {"ID":16,"ST":0,"VAL":false,"PROM":false,"CAL":0}]}