{"SLIDES":[{"ID":0,"ST":0,"VAL":false,"PROM":false,"CAL":0,"RES":""},{"ID":1,"ST":0,"VAL":false,"PROM":false,"CAL":0,"RES":""},{"ID":2,"ST":0,"VAL":false,"PROM":true,"CAL":0,"RES":""},{"ID":3,"ST":0,"VAL":false,"PROM":true,"CAL":0,"RES":""},{"ID":4,"ST":0,"VAL":false,"PROM":true,"CAL":0,"RES":""},{"ID":5,"ST":0,"VAL":false,"PROM":true,"CAL":0,"RES":""},{"ID":6,"ST":0,"VAL":false,"PROM":true,"CAL":0,"RES":""},{"ID":7,"ST":0,"VAL":false,"PROM":true,"CAL":0,"RES":""},{"ID":8,"ST":0,"VAL":false,"PROM":true,"CAL":0,"RES":""},{"ID":9,"ST":0,"VAL":false,"PROM":true,"CAL":0,"RES":""},{"ID":10,"ST":0,"VAL":false,"PROM":true,"CAL":0,"RES":""},{"ID":11,"ST":0,"VAL":false,"PROM":true,"CAL":0,"RES":""},{"ID":12,"ST":0,"VAL":false,"PROM":false,"CAL":0,"RES":""},{"ID":13,"ST":0,"VAL":false,"PROM":false,"CAL":0,"RES":""}]}