[
        {
            "x": 0,
            "y": 233
           
        },  {
            "x": 0,
            "y": 132
           
        },  {
            "x": 0,
            "y": 20
           
        },  {
            "x": 130,
            "y": 13
           
        },  {
            "x": 239,
            "y": 13
           
        },  {
            "x": 341,
            "y": 13
           
        },  {
            "x": 442,
            "y": 13
           
        },  {
            "x": 546,
            "y": 13
           
        },  {
            "x": 653,
            "y": 13
           
        },  {
            "x": 755,
            "y": 13
           
        },  {
            "x": 828,
            "y": 73
           
        },  {
            "x": 828,
            "y": 165
           
        },  {
            "x": 828,
            "y": 258
           
        },  {
            "x": 752,
            "y": 306
           
        },  {
            "x": 652,
            "y": 306
           
        },  {
            "x": 545,
            "y": 306
           
        },  {
            "x": 443,
            "y": 306
           
        },  {
            "x": 340,
            "y": 306
           
        },  {
            "x": 234,
            "y": 306
           
        },  {
            "x": 176,
            "y": 252
           
        },  {
            "x": 176,
            "y": 159
           
        },  {
            "x": 239,
            "y": 103
           
        },  {
            "x": 337,
            "y": 103
           
        },  {
            "x": 444,
            "y": 103
           
        },  {
            "x": 546,
            "y": 103
           
        },  {
            "x": 651,
            "y": 103
           
        },  {
            "x": 715,
            "y": 151
           
        },  {
            "x": 650,
            "y": 217
           
        },  {
            "x": 547,
            "y": 217
           
        },  {
            "x": 444,
            "y": 217
           
        },  {
            "x": 347,
            "y": 218
           
        }
    ]
